MODEL,K,SEED,SILHOUETTE,DB,CR
HA,2,0,0.8341002805129107,0.22105502149261513,-0.0019427797450528301
HA,3,0,0.7334760480907819,0.44129866531872297,-0.005726359975792313
HA,4,0,0.520578345365214,0.473699280986584,-0.006653168764438779
HA,5,0,0.5222270838893746,0.6291916344286721,-0.011167570328029706
HA,6,0,0.42750624344168653,0.5728281033115111,-0.012049463974274
HA,7,0,0.3657166305780756,0.5410684098293589,-0.012924154035106973
HA,8,0,0.3199918616955273,0.5330269313350312,-0.013791719386695975
HA,9,0,0.2769708744345454,0.5462636618560586,-0.01465223774940866
HA,10,0,0.24926823496799058,0.5558050894263513,-0.01550578570889226
