TRAINING TIME,HIDDEN LAYERS,LEARNING RATE,FOLDS,SEED,CLASSIFIER SEED,DATA,CORRECTLY CLASSIFIED,INCORRECTLY CLASSIFIED

1000,110,0.1,10,10,5,NOT_NORMALIZED,94.21901056142302,5.780989438576987
1000,110,0.1,10,10,10,NOT_NORMALIZED,92.71817676486937,7.281823235130628
1000,110,0.1,10,10,15,NOT_NORMALIZED,94.05225125069484,5.94774874930517
1000,110,0.1,10,10,20,NOT_NORMALIZED,93.05169538632573,6.948304613674264
1000,110,0.1,10,10,25,NOT_NORMALIZED,92.71817676486937,7.281823235130628
